nID;sName;nOrder;nID_Subcategory;sInfo;sFAQ;sLaw;sSubjectOperatorName
1;Надання довідки про відсутність (наявність) судимості або обмежень, передбачених кримінально-процесуальним законодавством України.;1;3;;;;Міністерство Внутрішніх Справ
2;Видача картки обліку об’єкта торговельного призначення, сфери послуг та з виробництва продуктів харчування;2;7;;;;Міська державна адміністрація
3;Легалізація об’єднань громадян шляхом повідомлення;3;6;;;;Реєстраційна служба управління юстиції
4;Видача копій, витягів з розпоряджень міського голови, рішень, прийнятих міською радою та виконавчим комітетом;4;2;;;;Міська державна адміністрація
5;Надання дозволу на використання місцевої символіки (герба міста, назви чи зображення архітектурних, історичних пам’яток);5;11;[*];;;Міська державна адміністрація
6;Надання відомостей із регіонального фонду документації із землеустрою, що включена до державного фонду документації із землеустрою;6;1;;;;Міська державна адміністрація
7;Дозвіл на рекламний носій;7;7;;;;Міська державна адміністрація
9;Надання довідки про перебування на обліку бажаючих отримати земельну ділянку під індивідуальне будівництво;9;1;;;;Міська державна адміністрація
10;Надання витягу з технічної документації про нормативну грошову оцінку земельної ділянки;10;1;;;;Міська державна адміністрація
12;Присвоєння поштової адреси об’єкту нерухомого майна;12;1;;;;Міська державна адміністрація
14;Видача завірених копій документів;14;16;;;;Державна фіскальна служба
15;Дозвіл на розміщення зовнішньої реклами (для фізичних осіб та підприємців);15;7;;;;Міська державна адміністрація
16;Отримання дозволу на МАФ;16;7;;;;Міська державна адміністрація
17;Взяття на облік громадян, які потребують поліпшення житлових умов;17;1;;;;Міська державна адміністрація
18;Взяття на соціальний квартирний облік;18;1;;;;Міська державна адміністрація
19;Надання дозволу на переоформлення договору найму жилого приміщення державного / комунального житлового фонду;19;1;;;;Міська державна адміністрація
20;Реєстрація громадського об’єднання;4;6;;;;Реєстраційна служба управління юстиції
21;Надання відповідей на звернення громадян;21;2;;;;Міська державна адміністрація
22;Надання відповідей на листи підприємств, установ та організацій (облдержадміністрація);22;2;;;;Обласна державна адміністрація
23;Надання довідок незайнятому населенню про відсутність земельних ділянок для ведення ОСГ;23;1;;;;Міська державна адміністрація
24;Видача довідки про реєстрацію місця проживання/перебування особи;5;4;;;;Державна міграційна служба
25;Вклеювання до паспорта громадянина України фотокартки при досягненні 25- і 45-річного віку;25;4;;;;Державна міграційна служба
26;Зняття з реєстрації місця проживання;2;4;;;;Державна міграційна служба
27;Оформлення і видача паспорта громадянина України замість утраченого, викраденого чи пошкодженого;27;4;;;;Державна міграційна служба
28;Оформлення та видача паспорта громадянина України;28;4;;;;Державна міграційна служба
29;Реєстрація місця проживання/перебування особи;1;4;;;;Державна міграційна служба
30;Взяття на облік безхазяйного нерухомого майна;30;7;;;;Реєстраційна служба управління юстиції
31;Внесення запису про скасування державної реєстрації прав;31;1;;;;Реєстраційна служба управління юстиції
32;Державна реєстрація іншого речового права на нерухоме майно, обтяження права на нерухоме майно;32;1;;;;Реєстраційна служба управління юстиції
33;Державна реєстрація права власності на нерухоме майно;33;1;;;;Реєстраційна служба управління юстиції
34;Скасування запису Державного реєстру речових прав на нерухоме майно;34;1;;;;Реєстраційна служба управління юстиції
35;Надання будівельних паспортів забудови земельних ділянок;35;1;;;;Міська державна адміністрація
36;Надання вихідних даних для проектування (містобудівні умови та обмеження забудови земельних ділянок);36;1;;;;Міська державна адміністрація
37;Надання паспортів прив’язки тимчасових споруд для здійснення підприємницької діяльності;37;7;;;;Міська державна адміністрація
38;Підготовка технічних висновків про вплив переобладнань на несучу спроможність конструкцій і технічний стан об’єкта нерухомості;38;1;;;;Міська державна адміністрація
39;Видача висновку державної землевпорядної експертизи землевпорядної документації щодо об’єктів, які підлягають обов’язковій державній експертизі;39;1;;;;Державне земельне агентство
41;Виправлення технічної помилки у відомостях з державного земельного кадастру, яка була допущена органом, що здійснює його ведення;41;1;;;;Державне земельне агентство
42;Внесення до Державного земельного кадастру відомостей (змін до них) про землі в межах території адміністративно-територіальних одиниць;42;1;;;;Державне земельне агентство
43;Внесення до Державного земельного кадастру відомостей про обмеження у використанні земель, встановлені законами та прийнятими відповідно до них нормативно-правовими актами;43;1;;;;Державне земельне агентство
44;Державна реєстрація обмежень у використанні земель;44;1;;;;Державне земельне агентство
45;Надання відомостей з Державного земельного кадастру у формі викопіювань з кадастрової карти (плану) та іншої картографічної документації Державного земельного кадастру;45;1;;;;Державне земельне агентство
46;Надання відомостей з державного земельного кадастру у формі витягу з державного земельного кадастру про землі в межах території адміністративно-територіальних одиниць;46;1;;;;Державне земельне агентство
47;Надання відомостей з Державного земельного кадастру у формі витягу з Державного земельного кадастру про обмеження у використанні земель;47;1;;;;Державне земельне агентство
48;Надання відомостей з Державного земельного кадастру у формі довідки, що містить узагальнену інформацію про землі (території);48;1;;;;Державне земельне агентство
49;Видача листа про прийняття рішення щодо можливості/неможливості видачі дозволу на викиди забруднюючих речовин в атмосферне повітря стаціонарними джерелами суб`єкта господарювання, об`єкт якого належить до другої або третьої групи;49;9;[*];;;Державна санітарно-епідеміологічна служба
50;Висновок державної санітарно - епідеміологічної експертизи діючих об’єктів (фіз.особа);50;9;;;;Державна санітарно-епідеміологічна служба
51;Внесення змін до декларації про готовність об`єкта до експлуатації;51;7;;;;Обласна державна адміністрація
52;Внесення змін до декларації про початок виконання будівельних робіт;52;7;;;;Обласна державна адміністрація
53;Внесення змін до декларації про початок виконання підготовчих робіт;53;7;;;;Обласна державна адміністрація
54;Реєстрації декларації про готовність об`єкта до експлуатації;54;7;;;;Обласна державна адміністрація
55;Реєстрація декларації про початок будівельних робіт;55;7;;;;Обласна державна адміністрація
56;Реєстрація декларації про початок виконання підготовчих робіт;56;7;;;;Обласна державна адміністрація
57;Державна реєстрація (перереєстрація) іноземних інвестицій та її анулювання;57;10;;;;Обласна державна адміністрація
58;Державна реєстрація договорів (контрактів) про спільну інвестиційну діяльність за участю іноземного інвестора;58;10;;;;Обласна державна адміністрація
59;Ліцензія на здійснення суб’єктами зовнішньоекономічної діяльності експорту товарів;59;10;;;;Обласна державна адміністрація
60;Ліцензія на здійснення суб’єктами зовнішньоекономічної діяльності імпорту товарів;60;10;;;;Обласна державна адміністрація
62;Свідоцтво про внесення суб’єкта видавничої справи до Державного реєстру видавців, виготівників і розповсюджувачів видавничої продукції;62;11;;;;Обласна державна адміністрація
63;Надання ордеру на видалення зелених насаджень;63;7;;;;Міська державна адміністрація
64;Надання дозволу на відновлення земельних робіт;64;7;;;;Обласна державна адміністрація
65;Дозвіл на внесення суб’єкта кінематографії до державного реєстру виробників, розповсюджувачів і демонстраторів фільмів;65;11;;;;Обласна державна адміністрація
66;Дозвіл на проведення робіт на пам’ятках місцевого значення (крім пам’яток археології), їх територіях та в зонах охорони;66;11;;;;Обласна державна адміністрація
67;Погодження розміщення реклами на пам’ятках місцевого значення, в межах зон охорони таких пам’яток;67;7;;;;Обласна державна адміністрація
68;Реєстрація дозволів на проведення археологічних розвідок, розкопок;68;11;;;;Обласна державна адміністрація
69;Свідоцтво про атестацію початкових спеціалізованих мистецьких навчальних закладів;69;13;;;;Обласна державна адміністрація
70;Надання ліцензія на здійснення освітньої діяльності у сфері дошкільної освіти;70;13;;;;Обласна державна адміністрація
71;Надання ліцензія на здійснення освітньої діяльності у сфері загальної середньої освіти;71;13;;;;Обласна державна адміністрація
72;Надання ліцензія на здійснення освітньої діяльності у сфері позашкільної освіти;72;13;;;;Обласна державна адміністрація
73;Переоформлення, видача копії або дубліката ліцензії на надання освітніх послуг у сфері загальної середньої, дошкільної, позашкільної освіти;73;13;[*];;;Обласна державна адміністрація
74;Організація об’єкта з надання ринкових послуг (ринкового об’єкта);74;7;;;;Обласна державна адміністрація
79;Видача виписки з Єдиного державного реєстру юридичних осіб та фізичних осіб – підприємців;79;15;;;;Реєстраційна служба управління юстиції
80;Видача витягу з Єдиного державного реєстру юридичних осіб та фізичних осіб – підприємців;80;15;;;;Реєстраційна служба управління юстиції
81;Видача довідки з Єдиного державного реєстру юридичних осіб та фізичних осіб-підприємців;81;15;;;;Реєстраційна служба управління юстиції
82;Включення до Єдиного державного реєстру юридичних осіб та фізичних осіб – підприємців відомостей про закриття відокремленого підрозділу юридичної особи;82;15;;;;Реєстраційна служба управління юстиції
83;Включення до Єдиного державного реєстру юридичних осіб та фізичних осіб – підприємців відомостей про створення відокремленого підрозділу юридичної особи;83;15;;;;Реєстраційна служба управління юстиції
84;Внесення до Єдиного державного реєстру юридичних осіб та фізичних осіб – підприємців запису про втрату оригіналів установчих документів юридичної особи;84;15;;;;Реєстраційна служба управління юстиції
85;_Державна реєстрація змін до відомостей про фізичну особу – підприємця, які містяться в Єдиному державному реєстрі юридичних осіб та фізичних осіб – підприємців;85;15;;;;Реєстраційна служба управління юстиції
86;Державна реєстрація змін до установчих документів юридичної особи;86;15;;;;Реєстраційна служба управління юстиції
87;Державна реєстрація припинення підприємницької діяльності фізичної особи – підприємця за її рішенням;87;15;;;;Реєстраційна служба управління юстиції
88;Державна реєстрація припинення юридичної особи в результаті злиття, приєднання, поділу або перетворення;88;15;;;;Реєстраційна служба управління юстиції
89;Державна реєстрація припинення юридичної особи в результаті її ліквідації;89;15;;;;Реєстраційна служба управління юстиції
90;Державна реєстрація фізичної особи-підприємця;90;15;;;;Реєстраційна служба управління юстиції
91;Державна реєстрація юридичної особи;91;15;;;;Реєстраційна служба управління юстиції
92;Відомча реєстрація великотоннажних та інших технологічних транспортних засобів, що не підлягають експлуатації на вулично-дорожній мережі загального користування;92;8;;;;Державна служба гірничого нагляду та промислової безпеки
93;Зняття з обліку великотоннажних та інших технологічних транспортних засобів, що не підлягають експлуатації на вулично-дорожній мережі загального користування;93;8;;;;Державна служба гірничого нагляду та промислової безпеки
94;Перереєстрація великотоннажних та інших технологічних транспортних засобів, що не підлягають експлуатації на вулично-дорожній мережі загального користування;94;8;;;;Державна служба гірничого нагляду та промислової безпеки
95;Тимчасова реєстрація великотоннажних та інших технологічних транспортних засобів, що не підлягають експлуатації на вулично-дорожній мережі загального користування;95;8;;;;Державна служба гірничого нагляду та промислової безпеки
96;Надання дозволу релігійним організаціям на проведення релігійних заходів, які проводяться поза межами культових споруд;96;11;[*];;;Міська державна адміністрація
98;Видача відомостей з документації із землеустрою, що включена до державного фонду документації із землеустрою;98;1;;;;Державне земельне агентство
99;Внесення до Державного земельного кадастру відомостей (змін до них) про земельну ділянку;99;1;;;;Державне земельне агентство
100;Державна реєстрація земельної ділянки;100;1;;;;Державне земельне агентство
101;Надання відомостей з Державного земельного кадастру у формі витягу з Державного земельного кадастру про земельну ділянку;101;1;;;;Державне земельне агентство
102;Надання довідки з Державної статистичної звітності про наявність земель та розподіл їх за власниками земель, землекористувачами, угіддями (за даними форми 6-ЗЕМ);102;1;;;;Державне земельне агентство
103;Анулювання свідоцтв про право власності на житло;103;4;;;;Міська державна адміністрація
104;Приватизація державного житлового фонду;104;4;;;;Міська державна адміністрація
105;Приватизація житлових приміщень (кімнат, квартир) у гуртожитках що належать до комунальної власності територіальної громади міста;105;4;;;;Міська державна адміністрація
108;Висновок державної санітарно-епідеміологічної експертизи документації на розроблювану техніку, технології, устаткування, інструменти тощо;108;9;;;;Державна санітарно-епідеміологічна служба
109;Висновок державної санітарно-епідеміологічної експертизи матеріалів, у яких обґрунтовується зменшення розмірів санітарно-захисної зони (СЗЗ) об’єкту IV, V класів небезпеки;109;9;;;;Державна санітарно-епідеміологічна служба
115;Декларація відповідності матеріально-технічної бази роботодавця вимогам законодавства з питань охорони праці та промислової безпеки (для підприємців);115;8;;;;Державна служба гірничого нагляду та промислової безпеки
121;Узгодження маршрутів дорожнього перевезення небезпечного вантажу;121;17;;;;Державна Автомобільна Інспекція
122;Реєстрація декларації відповідності матеріально-технічної бази суб’єкта господарювання вимогам законодавства з питань пожежної безпеки;122;15;;;;Державна служба з надзвичайних ситуацій
124;Прийняття рішення щодо передачі земельних ділянок сільськогосподарського призначення державної власності (для юридичних осіб та фізичних осіб-підприємців);124;7;;;;Державне земельне агентство
126;Висновок державної санітарно-епідеміологічної експертизи матеріалів, у яких обґрунтовується зменшення розмірів санітарно-захисної зони (СЗЗ) об’єктуIV, V класів небезпеки;126;9;;;;Державна санітарно-епідеміологічна служба
127;Висновок державної санітарно-епідеміологічної експертизи на виробництво, зберігання, транспортування, використання, захоронення, знищення та утилізацію отруйних речовин, у тому числі продуктів біотехнологій та інших біологічних агентів;127;9;;;;Державна санітарно-епідеміологічна служба
128;Висновок державної санітарно-епідеміологічної експертизи щодо ввезення, реалізації та використання сировини, продукції (вироби, обладнання, технологічні лінії тощо) іноземного виробн. за умови відсутності даних щодо їх безпечності для здоров’я населення;128;9;;;;Державна санітарно-епідеміологічна служба
129;Висновок державної санітарно-епідеміологічної експертизи щодо продукції, напівфабрикатів, речовин, матеріалів та небезпечних факторів, використання, передача або збут яких може завдати шкоду здоров’ю людей;129;9;;;;Державна санітарно-епідеміологічна служба
130;Дозвіл (санітарний паспорт) на постійні перевезення ДІВ (радіоактивних речовин і матеріалів, пристроїв і установок із джерелами іонізуючих випромінювань і радіоактивних відходів) спеціалізованим транспортним засобом;130;9;;;;Державна санітарно-епідеміологічна служба
133;Дозвіл на всі види досліджень з мікроорганізмами ІІ групи патогенності (небезпеки) або матеріалом підозрілим на їх вміст (за винятком установ медичного профілю);133;9;;;;Державна санітарно-епідеміологічна служба
134;Дозвіл на всі види досліджень та експериментальні роботи з мікроорганізмами ІІІ-IV групи патогенності (небезпеки) або матеріалом підозрілим на їх вміст;134;9;;;;Державна санітарно-епідеміологічна служба
135;Дозвіл на проведення діагностичних, експериментальних, випробувальних, вимірювальних робіт на підприємствах, в установах та організаціях, діяльність яких пов`язана з використанням джерел неіонізуючого випромінювання;135;9;;;;Державна санітарно-епідеміологічна служба
136;Експлуатаційний дозвіл операторам потужностей (об’єктів), що здійснюють в Україні діяльність з виробництва та/або обігу харчових продуктів, підконтрольних санітарній службі;136;9;;;;Державна санітарно-епідеміологічна служба
137;Дозвіл на викиди забруднюючих речовин в атмосферне повітря стаціонарними джерелами;137;9;;;;Обласна державна адміністрація
138;Дозвіл на спеціальне водокористування в разі використання води водних об’єктів загальнодержавного значення;138;9;;;;Обласна державна адміністрація
139;Копії рішень міської ради про надання дозволу на розроблення проекту відведення земельної ділянки;139;7;[*];;;Обласна державна адміністрація
140;Копії рішень міської ради про надання земельних ділянок державної комунальної власності у користування;140;7;[*];;;Обласна державна адміністрація
141;Копії рішень міської ради про передачу в оренду земельних ділянок, що перебувають у державній або комунальній власності;141;7;[*];;;Обласна державна адміністрація
142;Копії рішень міської ради про продаж земельних ділянок державної та комунальної власності;142;7;[*];;;Обласна державна адміністрація
143;Спеціальний дозвіл на зняття та перенесення ґрунтового покриву (родючого шару грунту) земельних ділянок;143;7;;;;Державна інспекція сільського господарства
145;Декларація про початок виконання підготовчих робіт;145;7;;;;Інспекція Державного архітектурно-будівельного контролю
148;Дозвіл на виконання робіт підвищеної небезпеки та на експлуатацію (застосування) машин, механізмів, устаткування підвищеної небезпеки;148;8;;;;Державна служба гірничого нагляду та промислової безпеки
149;Дозвіл на рух великогабаритних та великовагових транспортних засобів автомобільними дорогами, вулицями, залізничними переїздами;149;17;;;;Державна Автомобільна Інспекція
151;Експлуатаційний дозвіл для провадження діяльності на потужностях (об’єктах) з переробки неїстівних продуктів тваринного походження або з виробництва, змішування та приготування кормових добавок, преміксів і кормів;151;12;;;;Державна ветеринарна та фітосанітарна служба
152;Експлуатаційний дозвіл операторам потужностей (об’єктів), що здійснюють виробництво харчових продуктів, підконтрольних ветеринарній службі, та для агропродовольчих ринків;152;12;;;;Державна ветеринарна та фітосанітарна служба
153;Дозвіл на розміщення зовнішньої реклами поза межами населених пунктів області;153;7;[*];;;Обласна державна адміністрація
154;Висновок державної санітарно - епідеміологічної експертизи діючих об’єктів;154;9;;;;Державна санітарно-епідеміологічна служба
155;Висновок державної санітарно-епідеміологічної експертизи щодо об’єктів поводження з відходами;155;9;;;;Державна санітарно-епідеміологічна служба
156;Дозвіл (санітарний паспорт) на право експлуатації рентгенівського кабінету (зберігання та експлуатації пересувних і переносних (палатних) рентгенівських апаратів) лікувально-профілактичних закладів;156;12;;;;Державна санітарно-епідеміологічна служба
157;Дозвіл (санітарний паспорт) на проведення робіт з джерелами іонізуючих випромінювань в установах України;157;9;;;;Державна санітарно-епідеміологічна служба
158;Дозвіл на спеціальне використання водних біоресурсів у рибогосподарських водних об’єктах (їх частинах);158;9;[*];;;Державне агентство рибного господарства
159;Реєстрація авто з пробігом в МРЕВ;2;3;[*];;;Державна Автомобільна Інспекція
160;Отримання разової (індивідуальної) ліцензії на здійснення суб’єктами зовнішньоекономічної діяльності зовнішньоекономічних операцій;160;10;;;;Обласна державна адміністрація
161;Запит на отримання публічної інформації (облдержадміністрація);161;2;;;;Обласна державна адміністрація
162;Набуття громадянства України за народженням;162;4;;;;Державна міграційна служба
163;Набуття громадянства України за територіальним походженням;163;4;;;;Державна міграційна служба
164;Прийняття до громадянства України;164;4;;;;Державна міграційна служба
165;Поновлення у громадянстві України;165;4;;;;Державна міграційна служба
166;Набуття дітьми громадянства України внаслідок усиновлення;166;4;;;;Державна міграційна служба
167;Набуття громадянства України внаслідок встановлення над дитиною опіки чи піклування, влаштування дитини в дитячий заклад чи заклад охорони здоров’я, у дитячий будинок сімейного типу чи прийомну сім’ю або передачі на виховання в сім’ю патронатного вихователя;167;4;;;;Державна міграційна служба
168;Набуття громадянства України особою, визнаною судом недієздатною, внаслідок встановлення над нею опіки громадянина України;168;4;;;;Державна міграційна служба
169;Набуття громадянства України дитиною у зв’язку з перебуванням у громадянстві України її батьків чи одного з них;169;4;;;;Державна міграційна служба
170;Набуття громадянства України внаслідок визнання батьківства чи материнства або встановлення факту батьківства чи материнства;170;4;;;;Державна міграційна служба
171;Оформлення та видача довідки про реєстрацію особи громадянином України;171;4;;;;Державна міграційна служба
172;Видача тимчасового посвідчення громадянина України;172;4;;;;Державна міграційна служба
173;Обмін паспорта громадянина України у зв’язку зі зміною прізвища, ім’я, або по батькові;173;4;;;;Державна міграційна служба
174;Обмін паспорта громадянина України у зв’язку із встановленням розбіжностей у записах;174;4;;;;Державна міграційна служба
175;Обмін паспорта громадянина України у разі непридатності для користування;175;4;;;;Державна міграційна служба
176;Видача/заміна паспорта громадянина України для виїзду за кордон;176;4;[*];;;Державна міграційна служба
177;Видача проїзного документа дитини;177;4;;;;Державна міграційна служба
178;Видача паспорта громадянина України для виїзду за кордон замість утраченого або викраденого;178;4;;;;Державна міграційна служба
179;Внесення відомостей про другий паспорт громадянина України для виїзду за кордон у паспорт громадянина України для виїзду за кордон;179;4;;;;Державна міграційна служба
180;Внесення відомостей до паспорта громадянина України для виїзду за кордон громадянам, які повернулись на постійне проживання в Україну;180;4;;;;Державна міграційна служба
181;Надання дозволу на виїзд на постійне місце проживання з України;181;4;;;;Державна міграційна служба
184;Реєстрація місця проживання дитини до чотирнадцяти років;184;4;;;;Державна міграційна служба
185;Зняття з реєстрації місця проживання дитини до чотирнадцяти років;185;4;;;;Державна міграційна служба
186;Видача посвідчення особи без громадянства для виїзду за кордон;186;4;;;;Державна міграційна служба
187;Оформлення посвідки на постійне проживання іноземцям та особам без громадянства, які іммігрували в Україну на постійне проживання;187;4;;;;Державна міграційна служба
188;Отримання дозволу на імміграцію;188;4;;;;Державна міграційна служба
189;Продовження строку перебування на території України (обчислення дозволеного строку перебування);189;4;;;;Державна міграційна служба
190;Видача посвідки на тимчасове проживання;190;4;;;;Державна міграційна служба
191;Оформлення і видача запрошень іноземцям та особам без громадянства на отримання візових документів для в’їзду в Україну за клопотаннями юридичних осіб;191;4;;;;Державна міграційна служба
192;Оформлення і видача запрошень іноземцям та особам без громадянства на отримання візових документів для в’їзду в Україну за заявами фізичних осіб;192;4;;;;Державна міграційна служба
193;Інформація про виконання плану заходів щодо інтеграції біженців та осіб, які потребують додаткового захисту, в українське суспільство на період до 2020 року;193;4;;;;Державна міграційна служба
194;Для осіб, що звертаються за захистом в Україні;194;4;;;;Державна міграційна служба
195;Сертифікація зброї, конструктивно схожих із нею виробів, набоїв, виробів піротехнічних побутового призначення та феєрверків з видачею сертифікатів (за схемами згідно з ДСТУ 3413): схема № 1 (одиничний виріб);195;3;;;;Міністерство Внутрішніх Справ
196;Сертифікація зброї, конструктивно схожих із нею виробів, набоїв, виробів піротехнічних побутового призначення та феєрверків з видачею сертифікатів (за схемами згідно з ДСТУ 3413):схема  № 2 (партія продукції) (модифікація);196;3;;;;Міністерство Внутрішніх Справ
197;Сертифікація зброї, конструктивно схожих із нею виробів, набоїв, виробів піротехнічних побутового призначення та феєрверків з видачею сертифікатів (за схемами згідно з ДСТУ 3413): схема № 3 (серійне виробництво продукції на підставі аналізу документації) (модифікація);197;3;;;;Міністерство Внутрішніх Справ
198;Сертифікація зброї, конструктивно схожих із нею виробів, набоїв, виробів піротехнічних побутового призначення та феєрверків з видачею сертифікатів (за схемами згідно з ДСТУ 3413): схема № 4 (серійне виробництво продукції з обстеженням виробництва);198;3;;;;Міністерство Внутрішніх Справ
203;Видача дозволів на придбання і перевезення вогнепальної зброї, боєприпасів, інших предметів, на які поширюється дозвільна система, і пов’язане з цим оформлення документів;4;3;;;;Міністерство Внутрішніх Справ
205;Видача (реєстрація, перереєстрація) дозволу на зберігання і носіння: нагородної зброї;205;3;;;;Міністерство Внутрішніх Справ
206;Видача (реєстрація, перереєстрація) дозволу на зберігання і носіння: мисливської, холодної, пневматичної зброї, інших предметів, на які поширюється дозвільна система;206;3;;;;Міністерство Внутрішніх Справ
207;Видача дозволу (оформлення документів) на: відкриття та функціонування об’єктів дозвільної системи, що працюють з вибуховими матеріалами, піротехнічних майстерень та інших об’єктів відповідно до Положення про дозвільну систему, затвердженого постановою Кабінету Міністрів України від 12 жовтня 1992 р. №576;207;3;;;;Міністерство Внутрішніх Справ
208;Видача дозволу (оформлення документів) на: зберігання вогнепальної зброї, боєприпасів до неї, інших предметів і матеріалів, на які поширюється дозвільна система, на об’єктах дозвільної системи;208;3;;;;Міністерство Внутрішніх Справ
209;Видача дозволу (оформлення документів) на: зберігання і носіння зброї, що належить підприємствам, установам та організаціям, під час виконання службових обов’язків;209;3;;;;Міністерство Внутрішніх Справ
210;Видача дозволу (оформлення документів) на: ввезення в Україну та вивезення з України, транзит через територію України зброї, боєприпасів, інших предметів і матеріалів, на які поширюється дозвільна система;210;3;;;;Міністерство Внутрішніх Справ
211;Видача висновку, пов’язаного з наданням юридичним та фізичним особам згоди на укладення договорів про виконання робіт, пов’язаних з виготовленням, придбанням, зберіганням, обліком, охороною, перевезенням предметів і матеріалів, на які поширюється дозвільна система;211;3;;;;Міністерство Внутрішніх Справ
212;Переоформлення зброї за місцем її обліку з одного власника на іншого;212;3;;;;Міністерство Внутрішніх Справ
213;Видача дублікатів документів дозвільного характеру, зазначених у пунктах 3—6 цього переліку, у разі їх втрати або пошкодження;213;3;;;;Міністерство Внутрішніх Справ
214;Видача посвідчення водія на право керування транспортними засобами після закінчення навчального закладу та складення іспитів;4;3;;;;Державна Автомобільна Інспекція
215;Видача посвідчення водія на право керування транспортними засобами після закінчення строку позбавлення права на керування транспортним засобом, що становить 12 і більше місяців (із складенням іспитів);215;3;;;;Державна Автомобільна Інспекція
216;Видача посвідчення водія на право керування транспортними засобами у разі відкриття іншої категорії (із складенням іспиту);5;3;;;;Державна Автомобільна Інспекція
217;Видача посвідчення водія на право керування транспортними засобами у разі відкриття нижчої категорії (із складенням іспиту);217;3;;;;Державна Автомобільна Інспекція
218;Видача свідоцтва про підготовку водіїв транспортних засобів, що перевозять небезпечні вантажі (із складенням іспитів): повторне прийняття іспитів у водія на право керування транспортними засобами з небезпечними вантажами;218;3;;;;Державна Автомобільна Інспекція
219;Видача свідоцтва про підготовку водіїв транспортних засобів, що перевозять небезпечні вантажі (із складенням іспитів):видача свідоцтва про підготовку уповноваженого з питань безпеки перевезень небезпечних вантажів (із складенням іспитів);219;3;;;;Державна Автомобільна Інспекція
220;Видача свідоцтва про підготовку водіїв транспортних засобів, що перевозять небезпечні вантажі (із складенням іспитів): повторне прийняття іспитів у кандидата на право уповноваженого з питань безпеки перевезень небезпечних вантажів;220;3;;;;Державна Автомобільна Інспекція
221;Видача свідоцтва про допуск транспортних засобів до перевезення небезпечних вантажів;221;3;;;;Державна Автомобільна Інспекція
222;Реєстрація, перереєстрація колісних транспортних засобів з видачею свідоцтва про реєстрацію або його дубліката та номерних знаків:автомобілів, автобусів;222;3;;;;Державна Автомобільна Інспекція
223;Реєстрація, перереєстрація колісних транспортних засобів з видачею свідоцтва про реєстрацію або його дубліката та номерних знаків: мототранспорту, причепів;223;3;;;;Державна Автомобільна Інспекція
224;Видача свідоцтва про реєстрацію колісних транспортних засобів у зв’язку з його пошкодженням або непридатністю, внесенням змін до реєстраційного документа або для виїзду за кордон: автомобілів, автобусів;224;3;;;;Державна Автомобільна Інспекція
225;Видача свідоцтва про реєстрацію колісних транспортних засобів у зв’язку з його пошкодженням або непридатністю, внесенням змін до реєстраційного документа або для виїзду за кордон: мототранспорту, причепів;225;3;;;;Державна Автомобільна Інспекція
226;Видача тимчасового реєстраційного талона на право керування транспортним засобом (за заявою власника або за дорученням): автомобілів, автобусів;226;3;;;;Державна Автомобільна Інспекція
227;Видача тимчасового реєстраційного талона на право керування транспортним засобом (за заявою власника або за дорученням): мототранспорту, причепів;227;3;;;;Державна Автомобільна Інспекція
228;Зняття з обліку транспортного засобу з видачею облікової картки та номерних знаків для разових поїздок: автомобілів, автобусів;228;3;;;;Державна Автомобільна Інспекція
229;Зняття з обліку транспортного засобу з видачею облікової картки та номерних знаків для разових поїздок: мототранспорту, причепів;229;3;;;;Державна Автомобільна Інспекція
230;Повторне прийняття таких іспитів з подальшим оформленням документів на право керування транспортними засобами з видачею екзаменаційної картки: з Правил дорожнього руху та навичок керування транспортними засобами;230;3;;;;Державна Автомобільна Інспекція
231;Повторне прийняття таких іспитів з подальшим оформленням документів на право керування транспортними засобами з видачею екзаменаційної картки: з навичок керування транспортними засобами;231;3;;;;Державна Автомобільна Інспекція
232;Оформлення та видача: дозволу на встановлення і використання на транспортних засобах спеціальних звукових та/або світлових сигнальних пристроїв синього чи жовтого кольору;232;3;;;;Державна Автомобільна Інспекція
233;Оформлення та видача: дозволу на перевезення надгабаритних, великовагових вантажів;233;3;;;;Державна Автомобільна Інспекція
234;Оформлення та видача: документів щодо погодження маршрутів дорожнього перевезення небезпечних вантажів;234;3;;;;Державна Автомобільна Інспекція
235;Розгляд проектів нормативно-технічної документації щодо погодження проектів конструкцій транспортних засобів у частині дотримання вимог щодо забезпечення безпеки дорожнього руху з видачею свідоцтва про погодження конструкції;235;3;;;;Державна Автомобільна Інспекція
236;Підготовка документів та оформлення висновку про подальшу експлуатацію транспортного засобу, ідентифікаційні номери кузова (рами) якого підроблені, прийшли в непридатність або який розшукується правоохоронними органами іноземних держав;236;3;;;;Державна Автомобільна Інспекція
237;Видача висновку щодо можливості: дублювання ідентифікаційних номерів транспортних засобів;237;3;;;;Державна Автомобільна Інспекція
238;Видача висновку щодо можливості: нанесення ідентифікаційних номерів транспортних засобів;238;3;;;;Державна Автомобільна Інспекція
239;Видача: довідки про відповідність технічного стану автобусів перевізника-претендента умовам перевезень;239;3;;;;Державна Автомобільна Інспекція
240;Видача: висновку про відповідність перевізника-претендента вимогам нормативно-правових актів у сфері безпеки дорожнього руху;240;3;;;;Державна Автомобільна Інспекція
241;Виготовлення макетів індивідуальних номерних знаків транспортних засобів, які виготовляються на замовлення власників транспортних засобів, з видачею номерних знаків (за один комплект): три символи;241;3;;;;Державна Автомобільна Інспекція
242;Виготовлення макетів індивідуальних номерних знаків транспортних засобів, які виготовляються на замовлення власників транспортних засобів, з видачею номерних знаків (за один комплект): кожний наступний (до восьми символів);242;3;;;;Державна Автомобільна Інспекція
243;Виготовлення макетів індивідуальних номерних знаків транспортних засобів, які виготовляються на замовлення власників транспортних засобів, з видачею номерних знаків (за один комплект): графічний елемент;243;3;;;;Державна Автомобільна Інспекція
244;Оформлення та видача погодження (висновку) на заміну номерного агрегата транспортного засобу, а також на переобладнання транспортного засобу без заміни номерних агрегатів;244;3;;;;Державна Автомобільна Інспекція
245;Оформлення дозволу на видачу документів, транзитних номерних знаків, пов’язаних з придбанням або реалізацією транспортних засобів та кузовів (рам);245;3;;;;Державна Автомобільна Інспекція
248;Проведення досліджень, оцінки на замовлення, а саме: дослідження трасологічне;248;3;;;;Міністерство Внутрішніх Справ
251;Проведення досліджень, оцінки на замовлення, а саме: дослідження холодної зброї;251;3;;;;Міністерство Внутрішніх Справ
254;Проведення досліджень, оцінки на замовлення, а саме: дослідження балістичне;254;3;;;;Міністерство Внутрішніх Справ
255;Проведення досліджень, оцінки на замовлення, а саме: дослідження технічного укріплення стрільбищ та тирів;255;3;;;;Міністерство Внутрішніх Справ
258;Проведення досліджень, оцінки на замовлення, а саме: дослідження документів;258;3;;;;Міністерство Внутрішніх Справ
261;Проведення досліджень, оцінки на замовлення, а саме: дослідження почеркознавче;261;3;;;;Міністерство Внутрішніх Справ
264;Проведення досліджень, оцінки на замовлення, а саме:портретне та фототехнічне дослідження;264;3;;;;Міністерство Внутрішніх Справ
267;Проведення досліджень, оцінки на замовлення, а саме:дослідження транспортних засобів і документів, що їх супроводжують (комплексне), у тому числі: дослідження транспортних засобів усіх категорій вітчизняного виробництва та країн СНД або окремих агрегатів;267;3;;;;Міністерство Внутрішніх Справ
270;Проведення досліджень, оцінки на замовлення, а саме:дослідження транспортних засобів і документів, що їх супроводжують (комплексне), у тому числі: дослідження транспортних засобів усіх категорій іноземного виробництва або окремих агрегатів;270;3;;;;Міністерство Внутрішніх Справ
273;Проведення досліджень, оцінки на замовлення, а саме:дослідження транспортних засобів і документів, що їх супроводжують (комплексне), у тому числі: дослідження мопедів або їх окремих агрегатів;273;3;;;;Міністерство Внутрішніх Справ
276;Проведення досліджень, оцінки на замовлення, а саме: дослідження звуко- та відеозапису;276;3;;;;Міністерство Внутрішніх Справ
279;Проведення досліджень, оцінки на замовлення, а саме: вибухотехнічне дослідження;279;3;;;;Міністерство Внутрішніх Справ
282;Проведення досліджень, оцінки на замовлення, а саме: дослідження матеріалів, речовин, виробів та харчових продуктів;282;3;;;;Міністерство Внутрішніх Справ
283;Проведення досліджень, оцінки на замовлення, а саме: імунологічне дослідження та дослідження волосся;283;3;;;;Міністерство Внутрішніх Справ
284;Проведення досліджень, оцінки на замовлення, а саме: цитологічне дослідження;284;3;;;;Міністерство Внутрішніх Справ
285;Проведення досліджень, оцінки на замовлення, а саме: молекулярно-генетичне дослідження;285;3;;;;Міністерство Внутрішніх Справ
288;Проведення досліджень, оцінки на замовлення, а саме: дослідження обставин i механізму дорожньо-транспортних пригод, електротехнічного (технічної експлуатації електроустаткування), технічного стану транспортних засобів;288;3;;;;Міністерство Внутрішніх Справ
291;Проведення досліджень, оцінки на замовлення, а саме:транспортно-трасологічне дослідження, дослідження деталей транспортних засобів, дорожньо-технічне дослідження;291;3;;;;Міністерство Внутрішніх Справ
294;Проведення досліджень, оцінки на замовлення, а саме:автотоварознавче дослідження;294;3;;;;Міністерство Внутрішніх Справ
297;Проведення досліджень, оцінки на замовлення, а саме:залізничнотехнічне дослідження;297;3;;;;Міністерство Внутрішніх Справ
300;Проведення досліджень, оцінки на замовлення, а саме: дослідження обставин виникнення та розвитку пожеж і дотримання вимог пожежної безпеки;300;3;;;;Міністерство Внутрішніх Справ
303;Проведення досліджень, оцінки на замовлення, а саме: металографічне дослідження;303;3;;;;Міністерство Внутрішніх Справ
306;Проведення досліджень, оцінки на замовлення, а саме: комп’ютерно-технічне дослідження;306;3;;;;Міністерство Внутрішніх Справ
309;Проведення досліджень, оцінки на замовлення, а саме: товарознавче дослідження (вартості машин, обладнання, сировини, товарів народного споживання);309;3;;;;Міністерство Внутрішніх Справ
312;Проведення досліджень, оцінки на замовлення, а саме:економічне дослідження;312;3;;;;Міністерство Внутрішніх Справ
315;Проведення досліджень, оцінки на замовлення, а саме: мистецтвознавче дослідження;315;3;;;;Міністерство Внутрішніх Справ
318;Проведення досліджень, оцінки на замовлення, а саме:психологічне дослідження: складне;318;3;;;;Міністерство Внутрішніх Справ
321;Проведення досліджень, оцінки на замовлення, а саме: дослідження у сфері інтелектуальної власності;321;3;;;;Міністерство Внутрішніх Справ
324;Проведення досліджень, оцінки на замовлення, а саме: оцінка: нерухомих речей;324;3;;;;Міністерство Внутрішніх Справ
327;Проведення досліджень, оцінки на замовлення, а саме: оцінка: машин, обладнання, колісних транспортних засобів;327;3;;;;Міністерство Внутрішніх Справ
330;Проведення досліджень, оцінки на замовлення, а саме: оцінка: літальних апаратів та судноплавних засобів;330;3;;;;Міністерство Внутрішніх Справ
331;Проведення досліджень, оцінки на замовлення, а саме: оцінка: рухомих речей, що становлять культурну цінність;331;3;;;;Міністерство Внутрішніх Справ
334;Проведення досліджень, оцінки на замовлення, а саме: оцінка: рухомих речей, крім таких, що віднесені до машин, обладнання, дорожніх транспортних засобів, літальних апаратів, судноплавних засобів та тих, що становлять культурну цінність: складне;334;3;;;;Міністерство Внутрішніх Справ
337;Проведення досліджень, оцінки на замовлення, а саме: оцінка: прав на об’єкти інтелектуальної власності;337;3;;;;Міністерство Внутрішніх Справ
338;Огляд місць проведення масових заходів на вибухобезпеку;338;3;;;;Міністерство Внутрішніх Справ
340;Видача висновку за результатами проведення дослідження транспортних засобів та їх реєстраційних документів (комплексне) під час проведення державної реєстрації (перереєстрації), зняття з обліку: транспортних засобів усіх категорій іноземного виробництва або окремих агрегатів;340;3;;;;Міністерство Внутрішніх Справ
341;Видача висновку за результатами проведення дослідження транспортних засобів та їх реєстраційних документів (комплексне) під час проведення державної реєстрації (перереєстрації), зняття з обліку: мопедів або їх окремих агрегатів;341;3;;;;Міністерство Внутрішніх Справ
342;Нанесення спеціальних індивідуальних та дублюючих ідентифікаційних номерів транспортних засобів;342;3;;;;Міністерство Внутрішніх Справ
343;Відстрілювання вогнепальної зброї та огляд її технічного стану, у тому числі: газової, гладкоствольної мисливської і спортивної, стартової, вихолощеної;343;3;;;;Міністерство Внутрішніх Справ
344;Відстрілювання вогнепальної зброї та огляд її технічного стану, у тому числі: несмертельної дії, переробленої з військових зразків нарізної і комбінованої мисливської та спортивної;344;3;;;;Міністерство Внутрішніх Справ
345;Забезпечення супроводження для безпечного перевезення негабаритних, великовагових та небезпечних вантажів, автобусів та інших транспортних засобів спеціалізованими автомобілями Державтоінспекції МВС з використанням спеціальних світлових або звукових сигналів;345;3;;;;Державна Автомобільна Інспекція
346;"Обстеження з виїздом на місце території або окремих ділянок автомобільних доріг, вулиць і залізничних переїздів, на яких планується розміщення об’єктів дорожнього сервісу, малих архітектурних форм; ділянок вулично-дорожньої мережі, на яких планується відкриття нових або перегляд діючих маршрутів руху транспортних засобів, залучених до перевезення пасажирів.";346;3;;;;Державна Автомобільна Інспекція
347;Підготовка і видача технічних умов на розміщення об’єкта дорожнього сервісу та малої архітектурної форми;347;3;;;;Державна Автомобільна Інспекція
348;"Перевірка проектної документації щодо будівництва, реконструкції і ремонту автомобільних доріг, вулиць та залізничних переїздів, об’єктів дорожнього сервісу, інших дорожніх споруд; забудови окремих територій населених пунктів; генеральних планів окремих забудов у населених пунктах; проектів комплексних схем організації руху та спорудження ліній міського електричного транспорту; схем організації дорожнього руху на відповідність технічним умовам та нормативно-правовим актам з безпеки дорожнього руху з подальшим оформленням документів щодо її розгляду та затвердження з наданням погодження або відмови в наданні погодження";348;1;;;;Державна Автомобільна Інспекція
349;Перевірка суб’єктів господарювання щодо відповідності матеріально-технічної бази та документації встановленим вимогам до діяльності, пов’язаної з реалізацією транспортних засобів, з видачею акта (висновку);349;3;;;;Державна Автомобільна Інспекція
350;Проведення перевірки відповідності самостійно сконструйованого, конфіскованого транспортного засобу або транспортного засобу, право власності на який встановлено за рішенням суду, або такого, що визнаний в установленому порядку безхазяйним, або який за правом спадкування перейшов у власність держави або подарований державі власником, вимогам безпеки дорожнього руху, нормам і стандартам, з видачею висновку;350;3;;;;Державна Автомобільна Інспекція
351;Обстеження умов проведення суб’єктом господарювання перевірки технічного стану колісних транспортних засобів під час державного технічного огляду з видачею висновку;351;3;;;;Державна Автомобільна Інспекція
352;Доставка, зокрема з використанням спеціальних транспортних засобів, затриманих за порушення правил, норм і стандартів у сфері безпеки дорожнього руху або технічно несправних транспортних засобів до визначеного замовником місця їх зберігання;352;3;;;;Державна Автомобільна Інспекція
353;Відповідальне зберігання номерних знаків транспортних засобів, знятих з обліку для подальшого закріплення за іншими транспортними засобами цього ж власника;353;3;;;;Державна Автомобільна Інспекція
354;Встановлення відповідності технічного стану колісних транспортних засобів вимогам правил норм і стандартів у сфері безпеки дорожнього руху з видачею протоколу перевірки технічного стану транспортного засобу;354;3;;;;Державна Автомобільна Інспекція
355;Надання юридичним особам доступу до бази даних про втрачені паспорти та розшук осіб;355;17;;;;Міністерство Внутрішніх Справ
360;Видача картки платника податків та внесення до паспорта громадянина України даних про реєстраційний номер облікової картки платника податків з Державного реєстру фізичних осіб – платників податків;360;16;;;;Державна фіскальна служба
361;Внесення до паспорта громадянина України відмітки про наявність права здійснювати будь-які платежі за серією та номером паспорта;361;16;;;;Державна фіскальна служба
362;Реєстрація реєстратора розрахункових операцій;362;16;;;;Державна фіскальна служба
363;Реєстрація книг обліку розрахункових операцій;363;16;;;;Державна фіскальна служба
364;Реєстрація розрахункових книжок;364;16;;;;Державна фіскальна служба
365;Реєстрація книги обліку доходів та книги обліку доходів і витрат платникам єдиного податку;365;16;;;;Державна фіскальна служба
366;Реєстрація книги обліку доходів і витрат, яку ведуть фізичні особи – підприємці, крім осіб, що обрали спрощену систему оподаткування, і фізичні особи, які провадять незалежну професійну діяльність ;366;16;;;;Державна фіскальна служба
367;Реєстрація платника єдиного податку;367;16;;;;Державна фіскальна служба
368;Надання витягу з реєстру платників єдиного податку;368;16;;;;Державна фіскальна служба
369;Внесення установи (організації) до Реєстру неприбуткових організацій та установ;369;16;;;;Державна фіскальна служба
370;Перереєстрація установи (організації) у Реєстрі неприбуткових організацій та установ;370;16;;;;Державна фіскальна служба
371;Підтвердження статусу податкового резидента України;371;16;;;;Державна фіскальна служба
372;Видача довідки про подану декларацію про майновий стан і доходи (податкову декларацію);3;16;;;;Державна фіскальна служба
373;Видача довідки про сплату податку на доходи фізичних осіб платником податку – резидентом, який виїжджає за кордон на постійне місце проживання, та про відсутність податкових зобов’язань з цього податку;373;16;;;;Державна фіскальна служба
374;Видача довідки про сплачений нерезидентом в Україні податок на прибуток (доходи);2;16;;;;Державна фіскальна служба
375;Засвідчення довідки про проведення декларування валютних цінностей, доходів та майна, що належать резиденту України і знаходяться за її межами;375;16;;;;Державна фіскальна служба
376;Видача довідки про відсутність заборгованості з платежів до бюджету, що контролюються органами державної фіскальної служби;4;16;;;;Державна фіскальна служба
379;Надання дозволу на відкриття та експлуатацію складу тимчасового зберігання;379;14;;;;Державна фіскальна служба
380;Переоформлення дозволу на відкриття та експлуатацію складу тимчасового зберігання;380;14;;;;Державна фіскальна служба
381;Зупинення дії дозволу на відкриття та експлуатацію складу тимчасового зберігання за заявою підприємства;381;14;;;;Державна фіскальна служба
382;Анулювання дозволу на відкриття та експлуатацію складу тимчасового зберігання за заявою підприємства;382;14;;;;Державна фіскальна служба
383;Надання дозволу на відкриття та експлуатацію митного складу;383;14;;;;Державна фіскальна служба
384;Переоформлення дозволу на відкриття та експлуатацію митного складу;384;14;;;;Державна фіскальна служба
385;Зупинення дії дозволу на відкриття та експлуатацію митного складу за заявою підприємства;385;14;;;;Державна фіскальна служба
386;Анулювання дозволу на відкриття та експлуатацію митного складу за заявою підприємства;386;14;;;;Державна фіскальна служба
387;Надання дозволу на відкриття та експлуатацію вільної митної зони комерційного або сервісного типу;387;14;;;;Державна фіскальна служба
388;Переоформлення дозволу на відкриття та експлуатацію вільної митної зони комерційного або сервісного типу;388;14;;;;Державна фіскальна служба
389;Зупинення дії дозволу на відкриття та експлуатацію вільної митної зони комерційного або сервісного типу за заявою підприємства;389;14;;;;Державна фіскальна служба
390;Анулювання дозволу на відкриття та експлуатацію вільної митної зони комерційного або сервісного типу за заявою підприємства;390;14;;;;Державна фіскальна служба
391;Видача ліцензії на право роздрібної торгівлі алкогольними напоями;391;5;;;;Державна фіскальна служба
392;Видача дубліката ліцензії на право роздрібної торгівлі алкогольними напоями;392;5;;;;Державна фіскальна служба
393;Видача ліцензії на право роздрібної торгівлі сидром та перрі (без додання  спирту);393;5;;;;Державна фіскальна служба
394;Видача дубліката ліцензії на право роздрібної торгівлі сидром та перрі (без додання  спирту);394;5;;;;Державна фіскальна служба
395;Видача ліцензії на право роздрібної торгівлі тютюновими виробами;395;5;;;;Державна фіскальна служба
396;Видача дубліката ліцензії на право роздрібної торгівлі тютюновими виробами;396;5;;;;Державна фіскальна служба
397;Видача довідки про внесення місця зберігання алкогольних напоїв та тютюнових виробів до Єдиного державного реєстру місць зберігання;397;5;;;;Державна фіскальна служба
398;Видача ліцензії на виробництво спирту етилового;398;5;;;;Державна фіскальна служба
399;Видача дубліката ліцензії на виробництво спирту етилового;399;5;;;;Державна фіскальна служба
400;Видача ліцензії на виробництво спирту коньячного;400;5;;;;Державна фіскальна служба
401;Видача дубліката ліцензії на виробництво спирту коньячного;401;5;;;;Державна фіскальна служба
402;Видача ліцензії на виробництво спирту плодового;402;5;;;;Державна фіскальна служба
403;Видача дубліката ліцензії на виробництво спирту плодового;403;5;;;;Державна фіскальна служба
404;Видача ліцензії на виробництво спирту етилового ректифікованого виноградного;404;5;;;;Державна фіскальна служба
405;Видача дубліката ліцензії на виробництво спирту етилового ректифікованого виноградного;405;5;;;;Державна фіскальна служба
406;Видача ліцензії на виробництво спирту етилового ректифікованого плодового;406;5;;;;Державна фіскальна служба
407;Видача дубліката ліцензії на виробництво спирту етилового ректифікованого плодового;407;5;;;;Державна фіскальна служба
408;Видача ліцензії на виробництво спирту-сирцю виноградного;408;5;;;;Державна фіскальна служба
409;Видача дубліката ліцензії на виробництво спирту-сирцю виноградного;409;5;;;;Державна фіскальна служба
410;Видача ліцензії на виробництво спирту-сирцю плодового;410;5;;;;Державна фіскальна служба
411;Видача дубліката ліцензії на виробництво спирту-сирцю плодового;411;5;;;;Державна фіскальна служба
412;Видача ліцензії на виробництво алкогольних напоїв;412;5;;;;Державна фіскальна служба
413;Видача дубліката ліцензії на виробництво алкогольних напоїв;413;5;;;;Державна фіскальна служба
414;Видача ліцензії на виробництво тютюнових виробів;414;5;;;;Державна фіскальна служба
415;Видача дубліката ліцензії на виробництво тютюнових виробів;415;5;;;;Державна фіскальна служба
416;Видача ліцензії на право оптової торгівлі спиртом етиловим, спиртом етиловим ректифікованим виноградним, спиртом етиловим ректифікованим плодовим;416;5;;;;Державна фіскальна служба
417;Видача ліцензії на право оптової торгівлі алкогольними напоями, крім сидру та перрі (без додання спирту);417;5;;;;Державна фіскальна служба
418;Видача дубліката ліцензії на право оптової торгівлі алкогольними напоями, крім сидру та перрі (без додання спирту);418;5;;;;Державна фіскальна служба
419;Видача додатків до ліцензій на право оптової торгівлі алкогольними напоями, крім сидру та перрі (без додання спирту);419;5;;;;Державна фіскальна служба
420;Видача ліцензії на право оптової торгівлі тютюновими виробами;420;5;;;;Державна фіскальна служба
421;Видача дубліката ліцензії на право оптової торгівлі тютюновими виробами;421;5;;;;Державна фіскальна служба
422;Видача додатків до ліцензій на право оптової торгівлі тютюновими виробами;422;5;;;;Державна фіскальна служба
423;Видача ліцензії на право оптової торгівлі сидром та перрі (без додання спирту);423;5;;;;Державна фіскальна служба
424;Видача дубліката ліцензії на право оптової торгівлі сидром та перрі (без додання спирту);424;5;;;;Державна фіскальна служба
425;Видача додатків до ліцензій на право оптової торгівлі сидром та перрі (без додання спирту);425;5;;;;Державна фіскальна служба
426;Видача довідки про внесення місця зберігання алкогольних напоїв та тютюнових виробів до Єдиного державного реєстру місць зберігання;426;5;;;;Державна фіскальна служба
427;Видача довідки про внесення місця зберігання спирту до Єдиного державного реєстру місць зберігання;427;5;;;;Державна фіскальна служба
428;Включення до Державного реєстру реєстраторів розрахункових операцій моделей реєстраторів розрахункових операцій, їх модифікацій вітчизняного та іноземного виробництва, розширення переліку версій внутрішнього програмного забезпечення моделей, продовження строку їх первинної реєстрації;428;19;;;;Державна фіскальна служба
429;Надання дозволу на відкриття та експлуатацію магазину безмитної торгівлі;429;19;;;;Державна фіскальна служба
430;Переоформлення дозволу на відкриття та експлуатацію магазину безмитної торгівлі;430;19;;;;Державна фіскальна служба
431;Зупинення дії дозволу на відкриття та експлуатацію магазину безмитної торгівлі за заявою підприємства;431;19;;;;Державна фіскальна служба
432;Анулювання дозволу на відкриття та експлуатацію магазину безмитної торгівлі за заявою підприємства;432;19;;;;Державна фіскальна служба
433;Надання статусу гаранта;433;19;;;;Державна фіскальна служба
434;Прийняття рішення про допуск перевізників-резидентів до перевезень на умовах Конвенції МДП;434;17;;;;Державна фіскальна служба
435;Видача на запит імпортера сертифіката підтвердження доставки, яким засвідчується факт надходження в Україну товарів, визначених у зазначеному сертифікаті;435;19;;;;Державна фіскальна служба
436;Видача ліцензії на здійснення митної брокерської діяльності;436;5;;;;Державна фіскальна служба
437;Видача дубліката ліцензії на здійснення митної брокерської діяльності;437;5;;;;Державна фіскальна служба
438;Переоформлення ліцензії на здійснення митної брокерської діяльності;438;5;;;;Державна фіскальна служба
439;Видача копії ліцензії на здійснення митної брокерської діяльності;439;5;;;;Державна фіскальна служба
440;Анулювання ліцензії на здійснення митної брокерської діяльності за заявою ліцензіата;440;5;;;;Державна фіскальна служба
444;реєстрація апаратури супутникових радіонавігаційних систем;444;1;;;;Державне земельне агентство
445;висновок щодо меж географічного місця, з яким пов’язані особливі властивості, певні якості та інші характеристики товару;445;1;;;;Державне земельне агентство
447;видача висновку про погодження документації із землеустрою;447;1;;;;Державне земельне агентство
448;погодження виконання робіт в охоронних зонах геодезичних пунктів та робіт із знесення і перезакладення геодезичних пунктів;448;1;;;;Державне земельне агентство
449;видача витягів з Державного реєстру сертифікованих інженерів-землевпорядників і Державного реєстру сертифікованих інженерів-геодезистів;449;1;;;;Державне земельне агентство
450;прийняття рішення про видачу (анулювання, позбавлення, зупинення, поновлення) кваліфікаційного сертифіката сертифікованого інженера-землевпорядника;450;1;;;;Державне земельне агентство
455;надання довідки про наявність та розмір земельної частки (паю), довідки про наявність у Державному земельному кадастрі відомостей про одержання у власність земельної ділянки у межах норм безоплатної приватизації за певним видом її цільового призначення (використання);455;1;;;;Державне земельне агентство
456;надання довідки про наявність та розмір земельної частки (паю), довідки про наявність у Державному земельному кадастрі відомостей про одержання у власність земельної ділянки у межах норм безоплатної приватизації за певним видом її цільового призначення (використання);456;7;;;;Державне земельне агентство
467;видача ліцензії на провадження господарської діяльності з проведення землеоціночних робіт та земельних торгів;467;7;;;;Державне земельне агентство
468;видача копії ліцензії на провадження господарської діяльності з проведення землеоціночних робіт та земельних торгів;468;7;;;;Державне земельне агентство
469;видача дубліката ліцензії на провадження господарської діяльності з проведення робіт із землеустрою, землеоціночних робіт та земельних торгів;469;7;;;;Державне земельне агентство
470;переоформлення ліцензії на провадження господарської діяльності з проведення землеоціночних робіт та земельних торгів;470;7;;;;Державне земельне агентство
471;обов’язкова, добровільна державна експертиза землевпорядної документації, а також вибіркова державна експертиза землевпорядної документації (у разі видачі негативного висновку);471;7;;;;Державне земельне агентство
472;державна реєстрація земельної ділянки;472;1;;;;Державне земельне агентство
473;державна реєстрація обмежень у використанні земель;473;7;;;;Державне земельне агентство
474;внесення до Державного земельного кадастру відомостей (змін до них) про землі в межах території адміністративно-територіальних одиниць;474;7;;;;Державне земельне агентство
475;внесення до Державного земельного кадастру відомостей (змін до них) про обмеження у використанні земель;475;7;;;;Державне земельне агентство
476;внесення до Державного земельного кадастру відомостей (змін до них) про земельну ділянку;476;1;;;;Державне земельне агентство
477;надання відомостей з Державного земельного кадастру у формі витягів з Державного земельного кадастру про землі в межах території адміністративно-територіальних одиниць;477;7;;;;Державне земельне агентство
478;надання відомостей з Державного земельного кадастру у формі витягів з Державного земельного кадастру про обмеження у використанні земель;478;7;;;;Державне земельне агентство
479;надання відомостей з Державного земельного кадастру у формі витягів з Державного земельного кадастру про земельну ділянку;479;1;;;;Державне земельне агентство
480;надання відомостей з Державного земельного кадастру у формі довідки, що містить узагальнену інформацію про землі (території);480;7;;;;Державне земельне агентство
481;надання відомостей з Державного земельного кадастру у формі викопіювань з кадастрової карти (плану) та іншої картографічної документації Державного земельного кадастру;481;7;;;;Державне земельне агентство
482;пошук, перегляд, копіювання та роздрукування відомостей з Державного земельного кадастру про нормативно-грошову оцінку земель та земельних ділянок;482;7;;;;Державне земельне агентство
483;пошук, перегляд, копіювання та роздрукування відомостей з Державного земельного кадастру про земельні угіддя;483;1;;;;Державне земельне агентство
484;пошук, перегляд, копіювання та роздрукування відомостей з Державного земельного кадастру про частини земельної ділянки, на які поширюється дія сервітуту, договору суборенди земельної ділянки;484;7;;;;Державне земельне агентство
485;пошук, перегляд, копіювання та роздрукування відомостей з Державного земельного кадастру про координати поворотних точок меж об’єктів кадастру;485;7;;;;Державне земельне агентство
486;пошук, перегляд, копіювання та роздрукування відомостей з Державного земельного кадастру про бонітування ґрунтів;486;7;;;;Державне земельне агентство
487;пошук, перегляд, копіювання та роздрукування відомостей з Державного земельного кадастру про виправлення технічної помилки у відомостях Державного земельного кадастру, яка була допущена не з вини органу, що здійснює його ведення;487;7;;;;Державне земельне агентство
488;Погодження передачі музейних предметів, музейних колекцій, музейних зібрань, що належать до державної частини Музейного фонду України, та предметів музейного значення, що підлягають внесенню до державної частини Музейного фонду України, на тимчасове перебування їх за кордоном для експонування на виставках, реставрації або проведення наукової експертизи;488;11;;;;Міністерство культури
489;Погодження проектів землеустрою щодо відведення земельних ділянок, розташованих на території пам'яток національного значення, їх охоронних зон та охоронюваних археологічних територіях;489;11;;;;Міністерство культури
490;видачі власнику пам'ятки або уповноваженому ним органу свідоцтва про реєстрацію об'єкта культурної спадщини як пам'ятки;490;11;;;;Міністерство культури
493;Видача свідоцтва на право вивезення (тимчасового вивезення) культурних цінностей;493;11;;;;Міністерство культури
494;Погодження програм та проектів містобудівних, архітектурних та ландшафтних перетворень, меліоративних, шляхових, земляних робіт на пам'ятках національного значення, їх територіях, в історико-культурних заповідниках, на історико-культурних заповідних територіях, у зонах охорони, на охоронюваних археологічних територіях, в історичних ареалах населених місць, а також програм і проектів, реалізація яких може позначитися на об'єктах культурної спадщини;494;11;;;;Міністерство культури
495;Надання дозволу на переміщення (перенесення) пам'яток місцевого значення;495;11;;;;Міністерство культури
496;Погодження науково-проектної документації на виконання робіт із консервації, реставрації, реабілітації, музеєфікації, ремонту та пристосування пам'яток національного значення;496;11;;;;Міністерство культури
497;Надання дозволу на проведення робіт на пам'ятках національного значення, їхніх територіях та в зонах охорони, на охоронюваних археологічних територіях, в історичних ареалах населених місць;497;11;;;;Міністерство культури
498;Погодження відчуження або передачі пам'яток їх власниками або уповноваженими ними органами іншим особам у володіння, користування або управління;498;11;;;;Міністерство культури
499;Реєстрація повідомлення про початок будівельних робіт;55;7;;;;Обласна державна адміністрація
503;Видача свідоцтва про допущення дорожнього транспортного засобу до перевезення товарів під митними печатками та пломбами;503;14;;;;Державна фіскальна служба
504;Продовження строку дії свідоцтва про допущення дорожнього транспортного засобу до перевезення товарів під митними печатками та пломбами;504;14;;;;Державна фіскальна служба
516;Затвердження ліміту на використання природних ресурсів у межах територій та об'єктів природно-заповідного фонду загальнодержавного значення;516;9;;;;Міністерство екології та природних ресурсів
518;Видача висновку державної екологічної експертизи;518;9;;;;Міністерство екології та природних ресурсів
520;Видача сертифіката екологічного аудитора;520;9;;;;Міністерство екології та природних ресурсів
522;Продовження терміну чинності сертифіката екологічного аудитора;522;9;;;;Міністерство екології та природних ресурсів
523;Видача дозволу на імпорт та експорт зразків видів дикої фауни і флори, сертифікатів на пересувні виставки, реекспорт та інтродукцію з моря зазначених зразків, які є об’єктами регулювання конвенції про міжнародну торгівлю видами дикої фауни і флори, що перебувають під загрозою зникнення (за винятком осетрових видів риб і виробленої з них продукції);523;9;;;;Міністерство екології та природних ресурсів
524;Видача дозволу на добування тварин, занесених до Червоної книги України та дозволу на збирання рослин, занесених до Червоної книги України;524;9;;;;Міністерство екології та природних ресурсів
525;Видачі дозволу на спеціальне використання диких тварин та інших об’єктів тваринного світу;525;9;;;;Міністерство екології та природних ресурсів
541;Внесення організації до переліку установ, організацій та закладів, яким надається право на розробку документів, що обґрунтовують обсяги викидів для підприємств, установ, організацій та громадян – суб’єктів підприємницької діяльності;541;9;;;;Міністерство екології та природних ресурсів
542;Видача дозволу на розміщення небезпечних відходів та погодження ліміту на утворення та розміщення небезпечних відходів;542;9;;;;Міністерство екології та природних ресурсів
543;Видача ліцензії на право провадження господарської діяльності із здійснення операцій у сфері поводження з небезпечними відходами;543;9;;;;Міністерство екології та природних ресурсів
544;Видача копії ліцензії на право провадження господарської діяльності із здійснення операцій у сфері поводження з небезпечними відходами;544;9;;;;Міністерство екології та природних ресурсів
545;Видача дублікату ліцензії на право провадження господарської діяльності із здійснення операцій у сфері поводження з небезпечними відходами;545;9;;;;Міністерство екології та природних ресурсів
546;Переоформлення ліцензії на право провадження господарської діяльності із здійснення операцій у сфері поводження з небезпечними відходами;546;9;;;;Міністерство екології та природних ресурсів
547;Видача ліцензії на право провадження господарської діяльності із заготівлі окремих видів відходів як вторинної сировини;547;9;;;;Міністерство екології та природних ресурсів
548;Видача копії ліцензії на право провадження господарської діяльності із заготівлі окремих видів відходів як вторинної сировини;548;9;;;;Міністерство екології та природних ресурсів
549;Видача дублікату ліцензії на право провадження господарської діяльності із заготівлі окремих видів відходів як вторинної сировини;549;9;;;;Міністерство екології та природних ресурсів
550;Переоформлення ліцензії на право провадження господарської діяльності із заготівлі окремих видів відходів як вторинної сировини;550;9;;;;Міністерство екології та природних ресурсів
551;Видача, копія, дублікат, переоформлення ліцензії на право провадження господарської діяльності із виробництва особливо небезпечних хімічних речовин;551;9;;;;Міністерство екології та природних ресурсів
559;Видача (переоформлення, копія, дублікат) ліцензії на провадження господарської діяльності у сфері поводження з небезпечними відходами, ліцензії із збирання, заготівлі окремих видів відходів як вторинної сировини та ліцензії у сфері виробництва особливо небезпечних хімічних речовин;559;9;;;;Міністерство екології та природних ресурсів
560;Видача повідомлення на транскордонне перевезення небезпечних відходів або висновку на транскордонне перевезення відходів, у разі коли вони містять матеріали, в кількості достатній для виявлення ними небезпечних властивостей;560;9;;;;Міністерство екології та природних ресурсів
562;Видачу дозволу на проведення державної апробації (випробування) генетично модифікованого організму у відкритій системі;562;9;;;;Міністерство екології та природних ресурсів
563;Добування (збирання) видів тварин і рослин, занесених до Червоної книги України;563;9;;;;Міністерство екології та природних ресурсів
564;Проведення державної реєстрації (перереєстрації) пестицидів і агрохімікатів;564;9;;;;Міністерство екології та природних ресурсів
565;Видача повідомлення на перевезення небезпечних відходів, або висновку;565;9;;;;Міністерство екології та природних ресурсів
566;Видача ліцензії на виробництво особливо небезпечних хімічних речовин та на операції у сфері поводження з небезпечними відходами;566;9;;;;Міністерство екології та природних ресурсів
567;Відомості про наявність власних або орендованих виробничих площ (приміщень);567;9;;;;Міністерство екології та природних ресурсів
568;Відомості про наявність мтб;568;9;;;;Міністерство екології та природних ресурсів
569;Дозвіл на поводження з отруйними речовинами, у тому числі продуктів біотехнології та інших біологічних агентів - заява на одержання дозволу;569;9;;;;Міністерство екології та природних ресурсів
570;Контроль за обігом пестицидів та агрохімікатів;570;9;;;;Міністерство екології та природних ресурсів
571;Збирання, заготівля окремих видів відходів як вторинної сировини;571;9;;;;Міністерство екології та природних ресурсів
572;Операції у сфері поводження з небезпечними відходами;572;9;;;;Міністерство екології та природних ресурсів
573;Надання спеціального дозволу на користування надрами за результатами продажу на аукціоні.;573;9;;;;Міністерство екології та природних ресурсів
574;Надання спеціального дозволу на користування надрами без проведення аукціону.;574;9;;;;Міністерство екології та природних ресурсів
575;Видача ліцензії на видобування дорогоцінних металів і дорогоцінного каміння, дорогоцінного каміння органогенного утворення, напівдорогоцінного каміння.;575;9;;;;Міністерство екології та природних ресурсів
576;Видача копії ліцензії на видобування дорогоцінних металів і дорогоцінного каміння, дорогоцінного каміння органогенного утворення, напівдорогоцінного каміння.;576;9;;;;Міністерство екології та природних ресурсів
577;Переоформлення ліцензії на видобування дорогоцінних металів і дорогоцінного каміння, дорогоцінного каміння органогенного утворення, напівдорогоцінного каміння.;577;9;;;;Міністерство екології та природних ресурсів
578;Видача дубліката ліцензії на видобування дорогоцінних металів і дорогоцінного каміння, дорогоцінного каміння органогенного утворення, напівдорогоцінного каміння.;578;9;;;;Міністерство екології та природних ресурсів
579;Клопотання про видачу дозволу на проведення державної апробації (випробування) генетично модифікованого організму у відкритій системі;579;9;;;;Міністерство екології та природних ресурсів
580;Клопотання (заявки) на добування (збирання) видів тварин і рослин, занесених до Червоної книги України;580;9;;;;Міністерство екології та природних ресурсів
586;Заява про видачу ліцензії;586;9;;;;Міністерство екології та природних ресурсів
598;Видача дозволу на спеціальне використання диких тварин та інших об’єктів тваринного світу;598;9;;;;Міністерство екології та природних ресурсів
599;Видача дозволу на проведення робіт на землях водного фонду;599;9;;;;Міністерство екології та природних ресурсів
600;Внесення організації до переліку установ, організацій та закладів, яким надається право на розробку документів, що обґрунтовують обсяги викидів для підприємств, установ, організацій та громадян - суб’єктів підприємницької діяльності;600;9;;;;Міністерство екології та природних ресурсів
601;Видача дозволу на викиди забруднюючих речовин стаціонарними джерелами для об’єктів першої групи;601;9;;;;Міністерство екології та природних ресурсів
602;Видача дозволу на провадження діяльності, пов’язаної зі штучними змінами стану атмосфери та атмосферних явищ у господарських цілях;602;9;;;;Міністерство екології та природних ресурсів
615;Видачі копії ліцензії на право провадження господарської діяльності із заготівлі окремих видів відходів як вторинної сировини;615;9;;;;Міністерство екології та природних ресурсів
616;Видачі дублікату ліцензії на право провадження господарської діяльності із заготівлі окремих видів відходів як вторинної сировини;616;9;;;;Міністерство екології та природних ресурсів
617;Видачі повідомлення на транскордонне перевезення небезпечних відходів або висновку на транскордонне перевезення відходів, у разі коли вони містять матеріали, в кількості достатній для виявлення ними небезпечних властивостей;617;9;;;;Міністерство екології та природних ресурсів
624;_Розкриття інформації щодо кінцевих вигодоодержувачів (бенефіціарів);1;15;;;;Реєстраційна служба управління юстиції
625;Надання довідки з Державного реєстру фізичних осіб - платників податків про джерела та суми отриманих доходів фізичних осіб;1;16;;;;Державна фіскальна служба
626;_Внесення змін до відомостей про юридичну особу, які містяться в Єдиному державному реєстрі юридичних осіб та фізичних осіб-підприємців;2;15;;;;Реєстраційна служба управління юстиції
627;Надання довідки про перебування на обліку громадян, які потребують відповідно до законодавства поліпшення житлових умов;627;1;;;;Міська державна адміністрація
628;Надання одноразової матеріальної допомоги громадянам;21;2;[*];;;Обласна державна адміністрація
629;Перегляд інтерактивної карти ділянок надр, на які надані спецдозволи на користування надрами;22;8;;;;Міністерство екології та природних ресурсів
630;Перегляд інтерактивної карти родовищ корисних копалин;23;8;;;;Міністерство екології та природних ресурсів
631;Пошук дослідження у каталозі фонду геологічних матеріалів;24;8;;;;Міністерство екології та природних ресурсів
632;Перевірка статусу заяви на отримання спецдозволів на користування надрами;25;8;;;;Міністерство екології та природних ресурсів
633;Реєстрація нового авто в МРЕВ;3;3;;;;Державна Автомобільна Інспекція
641;Проставлення апостиля;100;6;;;;Реєстраційна служба управління юстиції
642;Надання копії свідоцтв про народження дітей;8;20;;;;Реєстраційна служба управління юстиції
643;Надання копії свідоцтва про шлюб (крім батька або матері, які виховують дітей самостійно);9;20;;;;Реєстраційна служба управління юстиції
644;Надання довідки про склад сім'ї;10;20;;;;Реєстраційна служба управління юстиції
645;Надання довідки із загальноосвітнього, професійно-технічного, вищого навчального закладу (для осіб від 18 до 23 років у разі, коли вони навчаються за денною формою навчання);11;20;;;;Реєстраційна служба управління юстиції
646;Надання довідки структурного підрозділу, виконавчого органу міської ради про те, що за місцем реєстрації батька або матері посвідчення не видавалися;12;20;;;;Реєстраційна служба управління юстиції
647;Реєстрація повідомлення про початок виконання підготовчих робіт;55;7;;;;Обласна державна адміністрація
648;Пошук громадських об'єднань;55;7;;;;Реєстраційна служба управління юстиції
649;Надання відомостей з Державного реєстру речових прав на нерухоме майно;55;7;;;;Реєстраційна служба управління юстиції
650;Перевірка документу Державного реєстру речових прав на нерухоме майно (витяг, виписка, свідоцтво, дублікат свідоцтва);55;7;;;;Реєстраційна служба управління юстиції
651;Надання відомостей з Єдиного реєстру підприємств, щодо яких порушено провадження у справі про банкрутство;55;7;;;;Реєстраційна служба управління юстиції
652;Пошук друкованих засобів масової інформації;55;7;;;;Реєстраційна служба управління юстиції
653;Пошук громадських формувань;55;7;;;;Реєстраційна служба управління юстиції
654;Отримання субсидії на оплату житлово-комунальних послуг;654;2;"<p>Звертаємо Вашу увагу, що система працює у тестовому режимі для Дніпропетровської області.</p><p> </p><p><b>Крок 1</b><br />Ви обираєте місто, в якому знаходиться Ваше управління соціального захисту населення, та заповнюєте необхідну форму для отримання послуги.</p><p>Для заповнення форми Вам знадобиться:<br />Ваші контактні дані (телефон, пошта)<br />Ваша адреса прописки<br />Інформація про Ваші реквізити на оплату комунальних послуг<br />відомості про Ваші доходи та доходи проживаючих з Вами людей</p><p>Після заповнення та відправлення заяви Ви отримаєте email про прийняття заяви в роботу</p><p> </p><p><b>Крок 2</b><br />Співробітники управління соціального захисту населення аналізують відправлену заяву та вирішують відправити її на розрахунок субсидії чи забракувати (у разі недостатньої інформації або помилок громадянина). Ви також отримуєте e-mail на цьому етапі.</p><p> </p><p><b>Крок 3</b><br />Після остаточного опрацювання Вашої заяви та винесення вердикту щодо призначення Вам субсидії Ви отримаєте ще один email, в якому буде додатком прикріплене рішення про надання Вам субсидії</p>";;;Обласна державна адміністрація
655;Отримання довідки про доходи фізичних осіб;655;16;"<p>Звертаємо Вашу увагу, що система працює у тестовому режимі для Дніпропетровської області.</p><p> </p><p><b>Крок 1</b><br />Ви обираєте адресу, за якою Вам буде зручно забрати Вашу довідку, коли вона буде готова (наразі в експерименті бере участь лише Дніпропетровськ), та заповнюєте коротку форму.</p><p> </p><p>Для заповнення форми Вам знадобиться:<br />Обрати адресу, за якою Вам буде зручно забрати Вашу довідку, коли вона буде готова.<br />- заповнити Ваші контактні дані (електронна пошта та телефон).<br />- Обрати період, за який Ви хочете отримати довідку (зазвичай вказують один рік).</p><p> </p><p>Після цього Ви отримаєте e-mail про прийняття заявки в роботу податковою інспекцією.</p><p> </p><p><b>Крок 2</b><br />Ваша довідка буде готова у 5-дневний термін з моменту подачі. Після цього Ви зможете отримати її в тій районній інспекції, яку Ви обирали при поданні заяви.</p><p><b>Крок 3</b><br />Вам прийде email із проханням оцінити якість обслуговування.</p>";;;Державна фіскальна служба
656;Персоналізована заява до МВС щодо хабарництва чиновників;656;3;;;;Міністерство Внутрішніх Справ
657;Надання інформації, що підтверджує відсутність(наявність) земельної ділянки;657;1;;;;Міська державна адміністрація
658;Декларація про утворення відходів;55;9;;;;Міністерство екології та природних ресурсів
659;Відправити звернення до міського голови;659;2;;;;Міська державна адміністрація
660;Звернення про надання дозволу на проведення публічних богослужінь;660;11;;;;Міська державна адміністрація
661;Видача довідки про доходи (розмір пенсії);661;16;<P STYLE="margin-bottom: 0in">Звертаємо Вашу увагу, що система працює у тестовому режимі.</P> <P STYLE="margin-bottom: 0in"><BR> </P> <P STYLE="margin-bottom: 0in"><B>Крок 1<BR></B>Ви обираєте місто, в якому знаходиться Ваш пенсійний фонд, та заповнюєте коротку форму (наразі в експерименті бере участь лише Дніпропетровськ).</P> <P STYLE="margin-bottom: 0in"><BR> </P> <P STYLE="margin-bottom: 0in">Для заповнення форми Вам знадобиться:</P> <P STYLE="margin-bottom: 0in">- Ваша поштова адреса (на неї буде відправлено рекомендованого листа з довідкою, яку Ви замоляєте).</P> <P STYLE="margin-bottom: 0in">- Ваші контактні дані (телефон та електронна пошта).</P> <P STYLE="margin-bottom: 0in">- Обрати період, за який Ви бажаєте отримати довідку.</P> <P STYLE="margin-bottom: 0in">- Сканована копія Вашого пенсійного посвідчення.</P> <P STYLE="margin-bottom: 0in"><BR> </P> <P STYLE="margin-bottom: 0in"><B>Крок 2</B></P><P STYLE="margin-bottom: 0in">Співробітники Укрпошти перевіряють Вашу заявку на коректність. Якщо все правильно, на Ваш емейл відправляється лист із посиланням на веб-сторінку для сплати за послугу відправки листа (вартість складає 17.15 грн). У разі несплати коштів протягом двох днів заява до Управління пенсійного фонду не  надсилається.</P><P STYLE="margin-bottom: 0in"><BR></P><P STYLE="margin-bottom: 0in"><B>Крок 3</B></P><P STYLE="margin-bottom: 0in">Пенсійний фонд відправляє довідку за тією адресою, яку Ви зазначили у заявці.</P>;;;Пенсійний Фонд
667;Встановлення за погодженням з власником режиму роботи підприємств торгівлі, ресторанного господарства та сфери послуг незалежно від форм власності;667;19;;;;Міська державна адміністрація
668;Надання довідки про участь в приватизації житла державного житлового фонду;668;1;;;;Міська державна адміністрація
669;Дозвіл на розміщення зовнішньої реклами (для юридичних осіб);15;7;;;;Міська державна адміністрація
670;_test_mailer_ext;670;7;;;;Тестова служба
671;_test_dependence_form;671;7;;;;Тестова служба
672;_test_dnepr_mvd_1_auto;672;7;;;;Тестова служба
673;_test_print_form;673;7;;;;Тестова служба
674;_test_liqpay;674;7;;;;Тестова служба
675;Видача архівних довідок, копій, витягів;675;2;;;;Міська державна адміністрація
676;Надання витягу з технічної документації про нормативну грошову оцінку земельної ділянки;10;7;;;;Міська державна адміністрація
677;Видача довідки про реагування громадськості на заяву про наміри суб'єкта господарювання отримати дозвіл на викиди;1;9;;;;Міська державна адміністрація
678;Видача довідки про реагування громадськості на заяву про наміри щодо будівництва чи реконструкції об'єктів на території міста;1;1;;;;Міська державна адміністрація
679;Видача довідки щодо реєстрації/зняття з реєстрації місця проживання фізичної особи;1;4;;;;Міська державна адміністрація
681;Видача довідок про фактичне надходження коштів до бюджету від сплати за ліцензії на право роздрібної торгівлі алкогольними напоями і тютюновими виробами;1;19;;;;Міська державна адміністрація
682;Надання погодження розміщення тимчасової споруди для пунктів одноразової торгівлі (послуг);1;19;;;;Міська державна адміністрація
683;Внесення змін до відомостей про юридичну особу, які містяться в Єдиному державному реєстрі юридичних осіб та фізичних осіб – підприємців (не пов'язані із змінами, що вносяться до установчих документів юридичної особи, або не підлягають державній реєстрації);1;15;"<p>Тут Ви зможете легко подати наступні дані до реєстраційної служби:</p><br />1. Вказати або змінити кінцевих бенефіціарних власників (контролерів) або відомостей про них<br />2. Змінити контактні дані юрособи (наприклад, телефон або email)<br />3. Змінити види економічної діяльності юрособи<br />4. Підтвердити відомості про юрособу</p><p><br />Звертаємо увагу:</p>- поки що послуга працює лише для юросіб, зареєстрованих у місті Дніпропетровськ<br />- зараз потрібно заповнити коротку форму, а також завантажити відскановану Форму 4 (для перших трьох пунктів) або Форму 6 (для 4-го пункту). Незабаром з’явиться можливість заповнювати все в електронній формі, без будь-яких сканувань.</p><p><br /><b>Крок 1. Заповніть форму</b><br />Увійдіть в систему через BankID (увівши дані Інтернет-банку, який підєднаний до системи) або електронно-цифровий підпис (наприклад, ЕЦП податкової, мінюсту та ін.). Заповніть коротку форму, а також завантажте відсканований бланк (посилання на завантаження бланку є у формі).</p><br /><p><b>Крок 2. Отримайте відповідь на email</b><br />Протягом кількох днів Ви отримаєте відповідь від реєстратора на свою електронну пошту. Вам напишуть, що Ваша заявка прийнята, і номер заявки, за яким зроблено реєстраційний запис. Тоді більше нічого не потрібно робити, нікуди додатково звертатись не потрібно. Або вкажуть на помилки у формі та попросять заповнити її ще раз.</p>";;;Реєстраційна служба управління юстиції
684;Надання довідки про отримання (неотримання) допомоги;684;2;;;;Міська державна адміністрація
685;Видача відомостей з документації із землеустрою, що включена до місцевого фонду документації із землеустрою;685;1;;;;Державне земельне агентство
686;Надання довідки про перебування на квартирному обліку при міськвиконкомі за місцем проживання та в житлово-будівельному кооперативі;686;1;;;;Міська державна адміністрація
687;Видача довідки про те, що за місцем реєстрації батька або матері посвідчення батьків та дитини з багатодітної сім'ї не видавались;687;20;;;;Міська державна адміністрація
688;_test_Country;688;7;;;;Тестова служба
700;Реєстрація дитини у садок;50;20;;;;Міська державна адміністрація
701;Перевірити стан квартирної черги;32;1;;;;Міська державна адміністрація
702;Записатись на прийом до посадовця;33;2;;;;Міська державна адміністрація
703;Подати заяву про державну реєстрацію шлюбу;34;20;;;;Реєстраційна служба управління юстиції
704;Попередній запис на прийом щодо державної реєстрації народження;35;20;;;;Реєстраційна служба управління юстиції
705;Подати заявку про державну реєстрацію зміни імені;36;20;;;;Реєстраційна служба управління юстиції
706;Подати заявку про зміну прізвища малолітньої дитини;37;20;;;;Реєстраційна служба управління юстиції
708;Подати заявку про зміну прізвища дружини або чоловіка;39;20;;;;Реєстраційна служба управління юстиції
709;Подати заяву про державну реєстрацію розірвання шлюбу;40;20;;;;Реєстраційна служба управління юстиції
710;Попередній запис на прийом щодо державної реєстрації смерті;41;20;;;;Реєстраційна служба управління юстиції
711;Заява на видачу повторного свідоцтва про народження;42;20;;;;Реєстраційна служба управління юстиції
712;Заява на видачу повторного свідоцтва про шлюб;43;20;;;;Реєстраційна служба управління юстиції
713;Заява на видачу повторного свідоцтва про розірвання шлюбу;44;20;;;;Реєстраційна служба управління юстиції
714;Заява на видачу повторного свідоцтва про смерть;45;20;;;;Реєстраційна служба управління юстиції
715;Заява на видачу повторного свідоцтва про зміну імені;46;20;;;;Реєстраційна служба управління юстиції
716;Заява про поновлення актового запису цивільного стану;47;20;;;;Реєстраційна служба управління юстиції
717;Заява про внесення змін, доповнень до актового запису цивільного стану;48;20;;;;Реєстраційна служба управління юстиції
718;Заява про анулювання актового запису цивільного стану;49;20;;;;Реєстраційна служба управління юстиції
719;Реєстрація декларації відповідності матеріально-технічної бази суб’єкта господарювання вимогам законодавства (держсанепідемслужба);50;9;[*];;;Державна санітарно-епідеміологічна служба
720;_test_fields_bankid;720;7;;;;Тестова служба
721;Призначення державної соціальної допомоги малозабезпеченим сім'ям;721;2;;;;Обласна державна адміністрація
722;Державна реєстрація фізичної особи, яка має намір стати підприємцем;722;6;;;;Управління юстиції
723;Призначення щомісячної грошової допомоги особі, яка проживає разом з інвалідом І чи ІІ групи внаслідок психічного розладу;722;2;;;;Обласна державна адміністрація
724;Аварійний дозвіл на проведення земляних робіт;724;1;;;;Міська державна адміністрація
725;Надання містобудівних умов та обмежень забудови земельної ділянки;725;1;;;;Міська державна адміністрація
726;_Реєстрація авто з пробігом в МРЕВ м.Києва (Петропавлівська Борщагівка, вул.Кільцева 4) ;2;3;;;;Державна Автомобільна Інспекція
727;_Реєстрація авто з пробігом в МРЕВ м.Києва (вул. Туполєва, 19) ;2;3;;;;Державна Автомобільна Інспекція
728;_Реєстрація авто з пробігом в МРЕВ м.Києва (вул. Велика кільцева дорога. 22-А) ;2;3;;;;Державна Автомобільна Інспекція
729;_Реєстрація авто з пробігом в МРЕВ м.Києва (вул. Братиславська, 52) ;2;3;;;;Державна Автомобільна Інспекція
730;_Реєстрація авто з пробігом в МРЕВ м.Києва (вул. Столичне шосе, 104) ;2;3;;;;Державна Автомобільна Інспекція
731;_Реєстрація авто з пробігом в МРЕВ м.Києва (вул. Павла Усенка, 8) ;2;3;;;;Державна Автомобільна Інспекція
732;_Реєстрація авто з пробігом в МРЕВ м.Києва (вул. Новокостянтинівська, 8) ;2;3;;;;Державна Автомобільна Інспекція
733;_Реєстрація авто з пробігом в МРЕВ м.Києва (пров. Балтійський, 20) ;2;3;;;;Державна Автомобільна Інспекція
734;Виготовлення викопіювання в масштабі 1:500, 1:2000;734;1;;;;Міська державна адміністрація
735;Надання дозволу на видалення дерев, кущів, газонів і квітників у населених пунктах.;735;1;;;;Міська державна адміністрація
736;Видача листа-довідки на перевезення (перезахоронення) загиблого в зоні АТО;736;2;[*];;;Міська державна адміністрація
737;Лист (витяг) на отримання інформації про раніше виконані топографо-геодезичні роботи;737;1;;;;Міська державна адміністрація
738;Дозвіл на розміщення реклами на транспорті комунальної власності територіальної громади міста Києва(анулювання, переоформлення);738;7;;;;Міська державна адміністрація
739;Внесення змін до дозволу на розміщення зовнішньої реклами;739;7;;;;Міська державна адміністрація
740;Довідка про місце реєстрації та склад сім’ї (форма 3);740;1;;;;Міська державна адміністрація
741;Довідка про склад сім'ї наймача квартири (одноквартирного будинку) та займані ними приміщення (Форма 4);741;1;;;;Міська державна адміністрація
742;Довідка з попередніх місць проживання (після 1992 року) про період реєстрації (прописки);742;1;;;;Міська державна адміністрація
743;Заява встановленого зразка на приватизацію квартири, житлового приміщення в гуртожитку, кімнати в комунальній квартирі;743;1;;;;Міська державна адміністрація
744;Відомча реєстрація великотоннажних та інших технологічних транспортних засобів, що не підлягають експлуатації на вулично-дорожній мережі загального користування (для  юридичних осіб);744;8;;;;Державна служба гірничого нагляду та промислової безпеки
745;Отримання експлутаційного дозволу для провадження діяльності: на потужностях (об'єктах) з виробництва, змішування та приготування кормових добавок, преміксів і кормів;745;12;[*];;;Державна санітарно-епідеміологічна служба
746;Отримання експлутаційного дозволу для провадження діяльності: на потужностях (об'єктах) з переробки їстівних продуктів тваринного походження;746;12;[*];;;Державна санітарно-епідеміологічна служба
747;Перереєстрація великотоннажних та інших технологічних транспортних засобів, що не підлягають експлуатації на вулично-дорожній мережі загального користування (для юридичних осіб);747;8;;;;Державна служба гірничого нагляду та промислової безпеки
748;Тимчасова реєстрація великотоннажних та інших технологічних транспортних засобів, що не підлягають експлуатації на вулично-дорожній мережі загального користування (для юридичних осіб);748;8;;;;Державна служба гірничого нагляду та промислової безпеки
749;Дозвіл на експлуатацію машин, механізмів, устатковання підвищеної небезпеки;749;1;;;;Міська державна адміністрація
750;Дозвіл на застосування механізмів, устатковання підвищеної небезпеки;750;1;;;;Міська державна адміністрація
751;_test_datepicker;751;7;;;;Тестова служба
752;Призначення соціальної допомоги при народженні дитини;752;2;[*];[*];[*];Обласна державна адміністрація 
753;Надання довідки про перебування на обліку;753;2;;;;Міська державна адміністрація
754;Призначення компенсації фізичним особам, які надають соціальні послуги особам, що не здатні до самообслуговування;754;2;;;;Міська державна адміністрація
755;_test_mailer;755;7;;;;Тестова служба
756;_test_queue_cancel;756;7;;;;Тестова служба
757;_test_type_HTML .;757;7;;;;Тестова служба
758;Декларація відповідності матеріально-технічної бази роботодавця вимогам законодавства з питань охорони праці та промислової безпеки (для юридичних осіб);758;8;;;;Державна служба гірничого нагляду та промислової безпеки
759;Призначення компенсаційної виплати непрацюючій прецездатній особі, яка доглядає за інвалідом І групи, а також за престарілим, який досяг 80-річного віку;759;2;;;;Управління праці та соціального захисту населення
760;Встановлення статусу громадянам, які постраждали внаслідок Чорнобильскої катастрофи та видача посвідчення;760;2;;;;Управління праці та соціального захисту населення
761;Розгляд відповідності намірів щодо місця розташування тимчасової споруди;761;1;;;;Управління праці та соціального захисту населення
762;Призначення тимчасової державної допомоги дітям, батьки яких ухиляються від сплати аліментів, не мають можливості утримувати дитину або місце проживання їх невідоме;762;2;;;;Управління праці та соціального захисту населення
763;Надання рішення міської ради про надання дозволів на розробку проектів землеустрою щодо відведення земельних ділянок;763;1;;;;Міська державна адміністрація
764;Проведення безоплатного капітального ремонту власних житлових будинків і квартир осіб, що мають право на таку пільгу;764;2;;;;Управління праці та соціального захисту населення
765;Призначення одноразової винагороди жінкам, яким присвоєно почесне звання України "Мати-героїня";765;2;;;;Управління праці та соціального захисту населення
766;Призначення державної соцальної допомоги у зв'язку з витратами, зумовленими похованням;766;2;;;;Управління праці та соціального захисту населення
767;Призначення державної соцальної допомоги інвалідам з дитинства та дітям-інвалідам віком до 18 років;767;2;;;;Управління праці та соціального захисту населення
768;Надання допомоги у грошовій формі малозабезпеченим верствам населення за рахунок коштів обласного бюджету;768;2;;;;Управління праці та соціального захисту населення
769;_test_smart_print_form;769;7;;;;Тестова служба
770;Підтвердження відомостей про юридичну особу (Форма-6);770;15;[*];;;Реєстраційна служба управління юстиції
771;Зміна додаткової інформації про зв`язок з юридичною особою (Форма-4);771;15;[*];;;Реєстраційна служба управління юстиції
772;Зміна кінцевих бенефіціарних власників (контролерів) або зміна відомостей про кінцевих бенефіціарних власників (контролерів) юридичної особи (Форма-4);772;15;[*];;;Реєстраційна служба управління юстиції
773;Зміна видів економічної діяльності видами економічної діяльності з переліку, зазначеного в статуті юридичної особи або юридичної особи, яка діє на підставі модельного статуту (Форма-4);773;15;[*];;;Реєстраційна служба управління юстиції
774;Призначення допомоги на дітей, які перебувають під опікою чи піклуванням;774;2;;;;Управління праці та соціального захисту населення
775;Призначення державної соціальної допомоги малозабезпеченим сім’ям;775;2;;;;Управління праці та соціального захисту населення
776;Призначення допомоги на дітей-сиріт та дітей, позбавлених батьківського піклування та грошового забезпечення прийомним батькам;776;2;;;;Управління праці та соціального захисту населення
777;Щомісячна грошова допомога малозабезпеченій особі, яка проживає разом з інвалідом I чи II групи внаслідок психічного розладу, який за висновком лікарської комісії медичного закладу потребує постійного стороннього догляду, на догляд за ним;776;2;;;;Управління праці та соціального захисту населення
778;Призначення соціальної допомога особам, які не мають права на пенсію, та інвалідам;778;2;;;;Управління праці та соціального захисту населення
779;Призначення допомоги у зв'язку з вагітністю та пологами;779;2;;;;Управління праці та соціального захисту населення
780;Призначення допомоги на дітей одиноким матерям;780;2;;;;Управління праці та соціального захисту населення
781;Призначення допомоги при усиновленні дитини;781;2;;;;Управління праці та соціального захисту населення
782;Призначення допомоги по догляду за дитиною до досягнення нею трирічного віку.;782;2;;;;Управління праці та соціального захисту населення
783;Надання стипендії особам, яким виповнилось 100 і більше років;783;2;;;;Управління праці та соціального захисту населення